{
  "mAP": 0.11905838456204955,
  "mAP50": 0.20488152197677253,
  "mAP75": 0.12744239218224596
}